{
    "Pretrained": {
        "Accuracy": 0.4978448275862069,
        "F1-score": 0.22158273381294966,
        "History": {
            "train_loss": [
                1.0843327522277832,
                1.0592641353607177,
                1.038008689880371,
                1.0178626378377278,
                0.9984335581461589,
                0.984041941165924,
                0.9724374016125997,
                0.9570762674013774,
                0.9454990148544311,
                0.9359357555707296
            ],
            "val_accuracy": [
                0.4978448275862069,
                0.4978448275862069,
                0.4978448275862069,
                0.4978448275862069,
                0.4978448275862069,
                0.4978448275862069,
                0.4978448275862069,
                0.4978448275862069,
                0.4978448275862069,
                0.4978448275862069
            ],
            "val_f1": [
                0.22158273381294966,
                0.22158273381294966,
                0.22158273381294966,
                0.22158273381294966,
                0.22158273381294966,
                0.22158273381294966,
                0.22158273381294966,
                0.22158273381294966,
                0.22158273381294966,
                0.22158273381294966
            ]
        }
    },
    "Scratch": {
        "Accuracy": 0.4978448275862069,
        "F1-score": 0.22158273381294966,
        "History": {
            "train_loss": [
                1.0835821390151978,
                1.061536423365275,
                1.038672184944153,
                1.019105072816213,
                1.0034760316212972,
                0.9882571538289388,
                0.974509843190511,
                0.9645909110705058,
                0.9519599318504334,
                0.9431825439135234
            ],
            "val_accuracy": [
                0.4698275862068966,
                0.4698275862068966,
                0.4698275862068966,
                0.4698275862068966,
                0.4698275862068966,
                0.4698275862068966,
                0.4698275862068966,
                0.4698275862068966,
                0.4978448275862069,
                0.4978448275862069
            ],
            "val_f1": [
                0.2130987292277615,
                0.2130987292277615,
                0.2130987292277615,
                0.2130987292277615,
                0.2130987292277615,
                0.2130987292277615,
                0.2130987292277615,
                0.2130987292277615,
                0.22158273381294966,
                0.22158273381294966
            ]
        }
    }
}