{
    "Pretrained": {
        "Accuracy": 0.3347547974413646,
        "F1-score": 0.16719914802981894
    },
    "Scratch": {
        "Accuracy": 0.3347547974413646,
        "F1-score": 0.16719914802981894
    }
}