{
    "Pretrained": {
        "Accuracy": 0.3347547974413646,
        "F1-score": 0.16719914802981894,
        "History": {
            "train_loss": [
                1.1005763292312623,
                1.1011227687199912,
                1.0980839411417642,
                1.0993223110834758,
                1.0989412466684978,
                1.0997326850891114,
                1.0983394543329874,
                1.1013048489888508,
                1.1001533349355062,
                1.0983810027440388
            ],
            "val_accuracy": [
                0.3347547974413646,
                0.3347547974413646,
                0.3347547974413646,
                0.3347547974413646,
                0.3347547974413646,
                0.3347547974413646,
                0.3347547974413646,
                0.3347547974413646,
                0.3347547974413646,
                0.3347547974413646
            ],
            "val_f1": [
                0.16719914802981894,
                0.16719914802981894,
                0.16719914802981894,
                0.16719914802981894,
                0.16719914802981894,
                0.16719914802981894,
                0.16719914802981894,
                0.16719914802981894,
                0.16719914802981894,
                0.16719914802981894
            ]
        }
    },
    "Scratch": {
        "Accuracy": 0.3347547974413646,
        "F1-score": 0.16719914802981894,
        "History": {
            "train_loss": [
                1.0990110874176025,
                1.0976595322291056,
                1.098634664217631,
                1.0988616466522216,
                1.098495864868164,
                1.0997322877248128,
                1.0992504199345907,
                1.099118693669637,
                1.0992143233617147,
                1.0981252511342368
            ],
            "val_accuracy": [  
                0.3347547974413646,
                0.3347547974413646,
                0.3347547974413646,
                0.3347547974413646,
                0.3347547974413646,
                0.3347547974413646,
                0.3347547974413646,
                0.3347547974413646,
                0.3347547974413646,
                0.3347547974413646
            ],
            "val_f1": [
                0.16719914802981894,
                0.16719914802981894,
                0.16719914802981894,
                0.16719914802981894,
                0.16719914802981894,
                0.16719914802981894,
                0.16719914802981894,
                0.16719914802981894,
                0.16719914802981894,
                0.16719914802981894
            ]
        }
    }
}